Nom;Secteurs d'activité;Adresse du siège social;CP;Localité;Email
ASSOCIATION FARCIENNOISE POUR LA PROMOTION DE LA RELIGION ISLAMIQUE ET DE L'ENSEIGNEMENT CORANIQUE ENTRE MUSULMANS;Culte;Rue du Wainage 105 / b;6240;Farciennes;info@assakina.be
Association Francophone d’Aide aux Handicapés Mentaux;Handicap;Avenue Albert Giraud 24;1030;Bruxelles;martineberger61@hotmail.com
Espace de decouverte du miel et de l'abeille, royale amicale saint Thibaut;Nature;rue fontaine des malades 17;6043;Ransart;jacques.leclerc4@gmail.com
Ac gilly;Sport;Rue des Ateliers 28;6060;Gilly;jmbaudoux@hotmail.com
Acli - cercle marchiennes-monceau-goutroux;Affaires sociales;Rue des Déportés 1;6031;Monceau-sur-Sambre;michel-dicataldo@hotmail.com
Action catholique batelière;Culte;Quai du Sud  ( bateau chapelle ) 1;6030;Marchienne-au-Pont;bateau.chapelle@skynet.be
Activ;Affaires sociales;Impasse Sainte Barbe 2 bte 1;6030;Marchienne-au-Pont;arif@yahoo.fr
Les têtes de l'art;Culture;Rue de la Providence 136;6030;Marchienne-au-Pont;info@tetesdelart.org
Aide à l'enfance défavorisée;Famille;Rue du Marché 3;6140;Fontaine-L'Evêque;jvboon@skynet.be
Amicale des oeuvres sociales des sapeurs-pompiers de charleroi;Affaires sociales;Rue de Hornes 24;6040;Jumet;mellaerts@mail.be
Amicale du personnel retraîté de la gendarmerie et de la police;Seniors;Rue de Presles 181;6280;Gerpinnes;colignon.lorent@skynet.be
A la lumière du m'zab 360O;Jeunesse;Rue de Châtelet 21;6030;Marchienne-au-Pont;guerrara@live.be
Amnesty international - coordination;Justice et droit;Rue Paul Janson 67;6040;Jumet;
And roll;Sport / Loisirs;Chaussée de Bruxelles 22;6040;Jumet;rollerderbycharleroi@gmail.com
Anthracirk;Culture;Rue Charniat 69;6042;Lodelinsart;cerise1707@hotmail.com
Antre du jeu;Enfance / Jeunesse |Famille;Avenue Mascaux 415;6001;Marcinelle;encadrementpsychomoteur@charleroi.be
Arcs evasion;Sport / Loisirs;Rue des Fauvettes 15;6001;Marcinelle;sebastien@arcs-evasion.be
Art fantesies;Culture;Rue des Sarts 17;6010;Couillet;patrick.gonze@laposte.net
Art session;Culture;Rue du Masy 1;6040;Jumet;michelmoliterno2@hotmail.com
Article 27 charleroi;Culture;Boulevard Jacques Bertrand 3;6000;Charleroi;charleroi@article27.be
Assemblée de dieu de fleurus;Culte;Rue Joseph Lefebvre 11;6220;Fleurus;jean.lecire@belgacom.net
Association  maurice guillaume;Culture;Rue Taïenne 3;6250;Presles;jose.macq@voo.be
Association amazighe culturelle protectrice des investisseurs belgo-marocains;Immigration/Intégration;Rue Montal 3;6000;Charleroi;aacpibm2010@hotmail.be
Association cultural andaluza de charleroi;Culture / Tourisme;Rue de la Tourelle 6;6060;Gilly;marc.durant@centrepme.be
Association de la communauté des travailleurs italiens;Immigration/Intégration;Rue des Déportés 1;6031;Monceau-sur-Sambre;acti@commu.be
Association des clubs sportifs rovien;Sport;Quai de Sambre 30/1;6030;Marchienne-au-Pont;colittatony@hotmail.com
Association des pensionnés conducteurs de la s.n.c.b.;Affaires sociales;Allée des Fauvettes 6;6120;Cour-Sur-Heure;rousseauroger20@gmail.com
Association killiphile francophone de belgique;Nature;Rue des Haies 77;6001;Marcinelle;vdsakfb.epiplatysroloffia@belgacom.be
Association musicale concerto;Culture;Rue Ali Autome 73;6030;Marchienne-au-Pont;info@ammconcerto.org
Association sociale et culturelle belgo-turque;Immigration / Intégration;Rue Fesler 71;6030;Marchienne-au-Pont;yalcin_solak@hotmail.be
Atelier de création graphique et artistique;Culture;Rue Verdaille 38;6142;Leernes;acgart@commu.be
Aux trois coups;Culture;Chaussée de Montigny 126;6060;Gilly;auxtroiscoups@gmail.com
Back in the dayz;Culture;Rue du Viaduc 55;6060;Gilly;anthony@backinthedayz.be
Banque alimentaire du pays de charleroi et du centre;Affaires sociales;Rue Petite Chenevrière 72;6001;Marcinelle;b.a.c.c@voo.be
Belafrika;Immigration / Intégration;Chaussée de Gilly 124;6220;Fleurus;belafrika@yahoo.fr
Belgian fudokan karatedo renmei;Sport / Loisirs;rue Bennert 8;6040;Jumet;michel-henri@skynet.be
Belgian senior consultants wallonie;Affaires sociales;Rue du Parc 3/7;6000;Charleroi;ruttensfrancois@skynet.be
Cabaret 2000;Culture;Rue de la Concorde 21;6061;Montignies-sur-Sambre;info@cabaret2000.org
Capreolus;Nature;Rue du Faubourg 100;6110;Montigny-le-Tilleul;capreolus@skynet.be
Carolo beach art company;Economie circulaire;Rue Saint Charles 86-88;6061;Montignies/s/Sambre;francoisehubert@skynet.be
Centre d' accueil fédéral (fedasil);Immigration /Intégration;2e Rue ( zoning insdustriel ) 24;6040;Jumet;veronique.hastir@fedasil.be
Centre d' assistance culturelle aux etudiants africains à charleroi;Immigration / Intégration;Rue Léon Bernus 7;6000;Charleroi;caceac2002@gmail.com
Régionale de Charleroi du Centre d'action laïque;Affaires sociales;Rue de France 31;6000;Charleroi;info@cal-charleroi.be
Centre de consultations conjugales et de planning familial;Santé / Famille;Boulevard Joseph II 14;6000;Charleroi;planingcharleroi@yahoo.fr
Centre de jeunes de marcinelle - Charleroi District Jeunes;Jeunesse;Avenue Eugène Mascaux 879;6001;Marcinelle;asblcjm@yahoo.com
Centre de la broderie du hainaut;Loisirs;Place Albert Ier 12;6183;Trazegnies;infocentredelabroderie@skynet.be
Taboo centre de jeunes;Jeunesse;Rue Basslé 8;6000;Charleroi;taboo@brutele.be
Centre orthogénique;Santé;Rue du Mayeuri 30;6032;Mont-sur-Marchienne;centreorthogenique@swing.be
Centre scolaire saint-joseph notre-dame;Enseignement;Rue Strimelle 1;6040;Jumet;sarahlegget.sjndj@gmail.com
Confrérie de la Cervoise;Confrérie;Avenue Mascaux 149;6001;Marcinelle;mladuron@hotmail.com
Charleroi astronomie;Loisirs;Avenue Reine Elizabeth 14;6280;Villers-Poterie;charleroiastronomie@gmail.com
Charleroi centreville;Affaires sociales;Boulevard Tirou 16;6000;Charleroi;info@charleroicentreville.com
Charleroi nature;Nature;Rue de Villers 227 A;6010;Couillet;th.bodart@scarlet.be
Chiari people;Santé;Rue des Bruyères 10;6040;Jumet;olovier662@hotmail.com
Citadelle des femmes sans limites;Immigration / Intégration;Rue de Marcinelle 45 boîte1/3;600;Charleroi;nzolanana@yahoo.fr
Cité de l'enfance;Enfance / Jeunesse;Rue de Gozée 706;6110;Montigny-le-Tilleul;bernard.dewiest@chu-charleroi.be
Collectif citoyen carolo;Affaires sociales;Rue de Marchienne 36;6044;Roux;jacques.coupez@skynet.be
Collège national des ceintures noires francophones de Belgique;Sport;Rue de Forchies 113;6182;Souvret;agab5w3@hotmail.com
Comité d' initiative de monceau-sur-sambre;Affaires sociales;Rue A.Desy 54;6031;Monceau-sur-Sambre;bernadette.martin@charleroi.be
Comité de défense du parc reine astrid;Nature / Environnement;Rue du Parc 5 bte 084;6000;Charleroi;jeabaert@voo.be
Comité des fêtes de wallonie et des géants de charleroi;Culture / Tourisme;Rue Devillez  35;6060;Gilly;cornetjeremy@hotmail.com
Comité royal des fêtes de la cité jardin;Affaires sociales;Rue de Beaumont 259;6030;Marchienne-au-Pont;patricia.laure@chu-charleroi.be
Comites;Fédérations;Boulevard Janson 51;6000;Charleroi;info@comites-charleroi.be
Communauté jésuite du sacré coeur;Enseignement;Rue de Montigny 50;6000;Charleroi;pmourlon@jesuites.be
Conseil d'arrondissement de l'aide à la jeunesse;Jeunesse;Rue Rivelaine 7;6061;Montignies-sur-sambre;alberto.mulas@chu-charleroi.be
Convention  parkinson;Santé;Rue de Gozée 706;6110;Montigny-le-Tilleul;thierry.piette@chu-charleroi.be
Coucou les immondices;Environnement;Rue Joeph Lefèvre 47;6030;Marchienne-au-Pont;marie.vanhaverbeke@cesa.be
Couleur livres;Culture;Rue Lebeau 4;6000;Charleroi;pierrebertrand@couleurlivres.be
Dérisoir'prod;Culture;Rue du Fort 70;6000;Charleroi;theatre@lepoche.be
Dialogue;Enseignement;Rue de Jumet 175;6030;Marchienne-au-Pont;info@asbldialogue.be
Diapason-transition;Santé;Chaussée de Fleurus 216;6060;Gilly;direction@asbl-transition.be
Doyenné de marchienne-au-pont;Culte;Place Albert 1er 31;6030;Marchienne-au-Pont;j.thomas.tm@skynet.be
Ecole des parents et des educateurs;Education;Rue de Stalle 96;1180;Bruxelles;coordination@ecoledesparents.be
Ecole libre notre-dame de Jumet chef-lieu;Enseignement;Rue Frison 4;6040;Jumet;agnesolivier@yahoo.fr
Ecoline et caracole;Enfance;Rue Champêtre 4;6181;Gouy-lez-Piéton;ecoline-caracole.asbl@hotmail.com
Edelweiss;Enfance / Jeunesse;Allée des bungalows fleuris 17;6120;Nalinnes;chrysline@brutele.be
En souvenir de tatiana;Enfance / santé;Rue de Landelies 37/4;6110;Montignies-le-Tilleul;tatiana-revesdenfantsmalaes@live.be
Ensemble vocal et instrumental polyphonia castileti;Culture;Rue de Namur 3;7130;Binche;francoise.lecrenier@live.be
Equilibrium asbl;Bien-être des animaux;Rue de Luttre 76;6181;Gouy-lez-Piéton;emmanuellevdaa@gmail.com
Equipe de soutien en soins palliatifs charleroi sud-hainaut;Santé;Boulevard Zoé Drion 1;6000;Charleroi;aremis.charleroi@freeworld.be
Espace deuil sol..ange;Santé;rue des déportés 140;6042;Lodelinsart;frigione@hotmail.com
Espace environnement;Nature / Environnement;Rue de Montigny 29;6000;Charleroi;svogels@espace-environnement.be
Espoir mères et enfants;Enfance / Affaires sociales;Rue Creusiaux 28;6041;Gosselies;arch-fat@hotmail.com
Everystyle events;Culture;Boulevard Joseph II 62/ bt 2;6000;Charleroi;giuliano.dantonio@gmail.com
Fédération cynologique internationale;Bien-être des animaux;Place Albert 1er;6530;Thuin;lunaduran.m@fci.be
Fédération francophone du yachting belge;Sport;Avenue du Parc d'Amée 90;5100;Jambes;info@ffyb.be
Fédération wallonne des institutions pour toxicomanes;Santé;Rue fusch 3;4000;Liège;feditowallonne@skynet.be
Fémina docherie;Sport;Rue du Cimetière 38;6042;Lodelinsart;feminadocherie@brutele.be
Fête de la saint-jean à gosselies;Culture;Rue Saint-Roch, 48;6041;Gosselies;jacques.mabille@gmail.com
Coordination des régies de quartier;Affaires Sociales;Rue de Brabant 1;6000;Charleroi;Regies.Quartier@flw.be
Fonds du logement wallon;Affaires Sociales |Famille;Rue de Brabant 1;6000;Charleroi;contact@flw.be
Forum belge pour la prévention et la sécurité urbaine;Affaires Sociales;Chaussée de Nivelles 177;6041;Gosselies;jacques.pyfferoen@charleroi.be
Foyer culturel moncell'art;Culture;Rue Zénobe Gramme 22/031;6000;Charleroi;moncellart@contactoffice.be
Fraternelle royale 4ème brigade d'infanterie steenstraete;Culture;Rue de Lodelinsart, 69/12;6000;Charleroi;wjp6032@hotmail.com
Glodie;Affaires sociales;Rue du Chenois 108;6042;Lodelinsart;asblglodie@hotmail.fr
Groupe des diabétiques de charleroi;Santé;Ruelle Pelisse 28;6060;Gilly;jeaninegodeau@hotmail.com
Groupe partenariat logement;Affaires Sociales;Rue de Monceau-Fontaine 42/11;6031;Monceau-sur-Sambre;georges.pierard@relogeas.be
H2o hélios;Sport / Loisirs;rue de Montigny 103;6000;Charleroi;nathandubray@gmail.com
Association francophone pour la promotion de l'emploi et des aides techniques du handicape visuel;Handicap;Chaussée de Charleroi 1A;6061;Montignies-sur-Sambre;info@hvfe.be
Indigen;Culture;Boulevard Audent 12;6000;Charleroi;
Infor culture voyages;Affaires sociales;Rue Wattelar, 86;6040;Jumet;inforfamille.nicolas@scarlet.be
Infotechnoweb;Culture;Rue Henri Belyn 73;6041;Gosselies;frederic@marchiennes.org
Intermire;Emploi / formation;Avenue Jean Mermoz 30/3;6041;Gosselies;sylvielambinon@gmail.com
Jeunesses musicales  charleroi métropole;Culture;Rue Léopold 46;6041;Gosselies;jmch@jeunessesmusicales.be
Judo club moncellois (jcm monceau);sport;Rue Emile Vandervelde 106;6031;Monceau-sur-Sambre;manueladisilvio@hotmail.com
Judo-club des hamendes-kamakura;sport;Rue Pierre-Joseph Dewerpe 27/2;6040;Jumet;judophil@hotmail.com
Kayak club charleroi-nivelles;Sport / Loisirs;Chemin de l'Ardenelle, 2;1400;Nivelles;mnpirnay@scarlet.be
Kid paddle;Culture / Tourisme;Rue de Marchienne 34;6020;Dampremy;dj_jupil@live.fr
La girolle;Culture;Rue des Argentines 2;6110;Montigny-le-Tilleul;moniqualex@skynet.be
La maison de santé espace avicenne;Santé;Rue de Châtelet 44;6030;Marchienne-au-Pont;espace-avicenne14@hotmail.com
La maison ouverte;Enfance / famille;Rue Jules Jaumet 159;6030;Marchienne-au-Pont;maisonouverte@skynet.be
La mission st damien;Culte;Rue Frère Orban 29;6020;Dampremy;joly.rudy@hotmail.com
La pastourelle;Culture;Rue du Château 3;6032;Mont-sur-Marchienne;la.pastourelle@swing.be
La villanelle;Culture;Route de Fosses 63;6250;Presles;info@villanelle.be
L'ambassade du chien;Bien-être des animaux;Rue Auguste Delvaux  78;6040;Jumet;ac@wty.be
Le  germoir;Emploi / formation;rue Monceau-Fontaine 42/3;6031;Monceau sur Sambre;germoir@skynet.be *
Le 26;Affaires sociales;Rue de Montigny 26;6000;Charleroi;luc.mertens@le26.social
Le bonheur dans le pré;Santé / Nature;Rue Royale 21;6141;Forchies-La-Marche;info@lebonheurdanslepre.be
Le chemin d'un village;Nature / environnement;Rue Warinaue 32;6120;Nalinnes;asbl.lechemindunvillage@skynet.be
Le comptoir;Santé;Avenue Général Michel 5;6000;Charleroi;asbllecomptoir@hotmail.com
Le dauchant;Bien-être des animaux;Rue Omer Lison 178;6220;Lambusart;dauchant@hotmail.be
Le figuier;Affaires sociales;Rue Aurélien Thibaut 12;6001;Marcinelle;lefiguier.asbl@netcourrier.com
Le trait d'union de jumet;Affaires Sociales;rue des déportés 60;6040;Jumet;capitte.mylene@gmail.com
Societe royale des amis de la madeleine;Culture;Rue de Colnet 10;6040;Jumet;pierre.arcq@skynet.be
Les amis du château de monceau;gestion / Tourisme;Place Albert Ier 34;6031;Monceau-sur-Sambre;chateaudemonceau@voo.be
Les castors CJJM;Jeunesse;Rue du Faubourg 16;6250;Aiseau;info@castor.be
Les compagnons du petit elevage de charleroi;Bien-être des animaux;Rue de la Révolution 68;6040;Jumet;cohamla@gmail.com
Les motivés du 8 octobre;Culture;Rue de l'Ange 16/61;6001;Marcinelle;louis.delville@brutele.be
Ligue régionale des vétérans du roi léopold iii (vét.l iii);Culture;Rue Docteur Moret  40;6020;Dampremy;fa294899@skynet.be
Lilys editions;Culture;Rue du Foyer 70;6001;Marcinelle;
Maison de la laïcité de charleroi;Culture;Rue de France 31;6000;Charleroi;mlcharleroi@laicite.be
Maison de l'ecologie de la vallée de la sambre;Nature / Environnement;Rue Lebeau 5;6000;Charleroi;ecolo.charleroi@ecolo.be
Maison des jeunes case départ;Jeunesse;Rue Chaussée 65;6141;Forchies-La-Marche;info@mjcasedepart.be
Maison des jeunes d'anderlues;Jeunesse;Cité Jardin du Fief 61;6150;Anderlues;phil59g@gmail.com
Maison médicale la montagnarde;Santé;Chaussée de Charleroi 118;6061;Montignies-sur-Sambre;infolamontagnarde@gmail.com
Maison plurielle;Justice et droit;Rue Tumelaire 77;6000;Charleroi;l.goderniaux@hotmail.com - mplurielle@voo.be
Maison pour associations (mpa);gestion et finances;Route de Mons 80;6030;Marchienne-au-Pont;info@mpa80.be
Charly Dance club (ex Moncha dance club);Loisirs;route de mons 543;6031;Monceau-sur-sambre;marcel.darge@belgacom.be
Mosquée at-touba;Culte;Chaussée de Ransart 126;6060;Gilly;mosquee.attouba.gilly@gmail.com
New club sécurité hainaut;Sport / Loisirs;Allée du Bois Briclet 29;6031;Monceau-sur-Sambre;luc821@hotmail.com
œuvre nationale des aveugles;Handicap;Bd Mayence 25;6000;Charleroi;maryvonne.wery@ona.be
Olympique club de hockey sur glace;Sport / Loisirs;Rue ali autome  80;6030;Marchienne-au-Pont;cedric.doumont@gmail.com
Patchwork des arts;Culture;Chaussée de Charleroi 103/001;6061;Montignies-sur-Sambre;patchworkdesarts@hotmail.com
Patinage loisirs carolorégien (p.l.c.);Sport / Loisirs;Rue Neuve 75 A Bte 73;6061;Montignies-sur-Sambre;jcd@patinoire.be
Patro st jean;Jeunesse;Rue Favettes 2;6030;Marchienne-au-Pont;patrostjean@commu.be -renevhm145@hotmail.com
Photo club marcinellois (pcm);Loisirs;Rue Horace Pierard 23;6060;Gilly;dcalifice@voo.be
Pleyon;Loisirs;Rue Jean Jaures 106;6061;Montignies-sur-Sambre;jaumaux@hotmail.com
Poh-lah;Immigration /Intégration;Rue Léon Bernus 7;600;Charleroi;jeanboscotchouna@yahoo.fr
Project-x;Sport / Loisirs;Rue des Hamendes, 101;6042;Lodelinsart;projectx@asbl-projectx.be
Promusport;Sport / Loisirs;Rue du Douaire 40;6150;Anderlues;promusport.anderlues@mc.be
Racing team charleroi;Sport / Loisirs;Rue de Lodelinsart 154, bte 1;6000;Charleroi;belagency@hotmail.com
Régie des quartiers de charleroi;Affaires sociales;Rue Warmonceau 300/305;6000;Charleroi;rdqchl.direction@gmail.com
Région pastorale de charleroi;Culte;Rue de la Providence 10;6030;Marchienne-au-Pont;sœurs.sterita@skynet.be
Rescapés tutsis habitant à charleroi;Justice et droit;Rue Camille Caréna 3 boîte5;6000;Charleroi;tatienmiheto@yahoo.fr
Royal gosselies sports;Sport;Rue de la haie aux mures 2;6041;Gosselies;secretariat.rgs@gmail.com
Rugby black star charleroi;Sport;Place du Prieuré 22;6040;Jumet;pire.cecile@gmail.com
Semaine musicale;Culture;Rue de Fosses 63;6250;Presles;sem.music@skynet.be
Service de coordination des soins à domicile de la ville de charleroi;Santé;Boulevard Zoé Drion 1 (2ème étage);6000;Charleroi;empage@librage.be
Shoshinkan;Sport;Rue Paul Pastur 36 bte 042;6061;Montignies-sur-Sambre;shoshinkan.abkf@gmail.com
Société royale protectrice des animaux de charleroi;Bien-être des animaux;Rue Emile Vandervelde 115;6032;Mont-sur-Marchienne;info@spa-charleroi.be
Espace deuil;Santé;rue des déportés 140;6042;Lodelinsart;fortuna.rigione@scarlet.be
Olympic Mont-sur-marchienne basket-club;Sport;Rue des closières 40;6001;Marcinelle;denis.gauvain@sudpresse.be
Théâtre de la guimbarde;Culture;Rue des Gardes 13/02;6000;Charleroi;contact@laguimbarde.be
Trinacria;Culture / Tourisme;Rue de Trazegnies 174;6031;Monceau-sur-Sambre;angelo_lavore@skynet.be
Un geste, un sourire;Enfance;Rue du Nord, 7A;6060;Gilly;ungeste.unsourire@hotmail.com
Un petit rayon de soleil;Affaires sociales;Rue frère Orban 37;6040;Jumet;stephaniesourice@hotmail.com
Union des commercants et artisans de gilly;gestion et finances;Chaussée de Lodelinsart 55;6060;Gilly;
Union des eglises evangéliques de réveil;Culte;Rue de Mons 106;6031;Monceau-sur-Sambre;awake.ministries7@gmail.com
Vespa club  charleroi;Loisirs;Rue Appaumée 183;6043;Ransart;vespaclubcharleroi@hotmail.com
Vita italiana ali'estero;immigration / Intégration;Rue de l'Ethiopie  72;6010;Couillet;franco.gizzi@skynet.be
Wallonie en harmonie;Culture / Tourisme;Rue des Fougères, 136;6010;Couillet;christian.delcoux@skynet.be
Willy club natation montignies-sur-sambre;Sport;Rue d'Hirson 21;6001;Marcinelle;veroetcie@brutele.be
Yes i do;Formation;Rue André Lafaille  4;6031;Monceau-sur-Sambre;info@agenceyes.be
Le 112 ème régiment belge d'empire;Culture;Faubourg de Bruxelles 103;6041;Gosselies;francis-aquet@hotmail.com
Aapeeca Anciens Parents d'Elèves de l'Ecole et du Collège de l'Alliance;Affaires sociales;Rue de Goutroux 188;6031;Monceau-sur-Sambre;oevrard1@gmail.com
Académie de musique et de danse de la botte du hainaut;Culture;Grand-Rue 51A;6470;Sivry-Rance;academiebh@ecoles.cfwb.be
Aid soleilmont;Travail/Emploi;Rue de Monceau-Fontaine 42/8;6031;Monceau-sur-Sambre;info@aid-soleilmont.be
Altéo centre, charleroi et thudinie;Handicap;Rue du Douaire 40;6150;Anderlues;caroline.elias@mc.be
Amicale des mineurs des charbonnages de wallonie;Affaires sociales;Rue du Cazier 80;6001;Marcinelle;aliboni.sergio@belgacom.net
Amitié belgo-congolaise pour le développement (abcd);Immigration et intégration;Rue St Eloi 5/011;6041;Gosselies;bondongus@hotmail.com
Artemusica;Culture;Rue des Claires Fontaines 3;6044;Roux;gabriel.ajg.martin@skynet.be
Association carolorégienne pour la gestion d'habitations protégées;Affaires sociales;Rue Des Goutteaux 17;6032;Mont-sur-Marchienne;acghp@skynet.be
Association de quartier de la rue goor;Affaires sociales;Rue Spinoy 52;6000;Charleroi;francis.preyat@voo.be
Association de véhicules anciens de charleroi;Loisirs;Rue Farcy 5;6534;Gozée;roch4444@gmail.com
Association des riverains et habitants des communes proches de l'aéroport, B.S.C.A. (Brussels South Charleroi Airport);Justice et droit;Rue Jean Jaurés 29;6044;Roux;aracharleroi@mailexcite.com
Association wallonne des comités consultatifs de locataires et propriétaires;Affaires sociales;Rue des Brasseurs 103/3;5000;Namur;info@awcclp.be
Au Cœur des Haies;Affaires sociales;Rue du Long Try 62;6032;Mont-sur-Marchienne;makastreet@voo.be
Avanti;Travail / Emploi;Rue de l'Abattoir 12;6030;Marchienne-au-Pont;avanti.mf@skynet.be
Basket club maccabi charleroi;Sport;Rue Couturelles 2A;6044;Roux;g.perini@avocat.be
Badminton Club loverval;Sport;Rue des Piges 92;6031;Monceau-Sur-Sambre;benoitpirson@brutele.be
Belgomas (BELGIQUE/MAROC/SPORT);Sport;Rue du Mambourg 50/1;6000;Charleroi;bachiramajid@hotmail.com
Big brol;Culture;Rue de la Station 58/2;6140;Fontaine;guidf7@gmail.com
Blanche borne tout terrain club;Sport / Loisirs;Rue Général de Gaulle 238;6180;Courcelles;secretaire@bbtc.be
Bomerée motor club;Sport / Loisirs;Rue de la Station 68;6110;Montigny-le-Tilleul;bmpower@skynet.be
Bps22 musée d'art de la province de hainaut;Culture;Boulevard Solvay 22;6000;Charleroi;info@bps22.be
Centre culturel de thuin-haute sambre;Culture;Rue des Nobles  32;6530;Thuin;centreculturelthuin@hotmail.com
Centre d'activités sous-marines du hainaut;Sport / Loisirs;Rue Omer Bernard 14;6030;Marchienne-au-Pont;jeanclaude.guyot@brutele.be
Centre d'animation et d'information jeunesse;Jeunesse;Chaussée de Lodelinsart 64;6060;Gilly;information@enerj.be
Centre de  culture belgo-libanais;Immigration / Intégration;Rue des Haies 21;6001;Marcinelle;nabichit@hotmail.com
Centre de culture scientifique de l'ulb;Education / Formation;Rue de villers 227;6010;Couillet;
Centre de documentation et de recherche sociales du Hainaut;Education / Formation;Maison du Hainaut Quai de Brabant 20;6000;Charleroi;coordination.violence@hainaut.be
Centre d'expertise et de ressources pour l'enfance;Enfance / Jeunesse;Rue de la Poste 105;1030;Bruxelles;apuchalska@cere-asbl.be
Centre européen pour la sécurité;Santé;Rue de la Providence 114;6030;Marchienne-au-Pont;isabelle.borli@ceps-esm.be
Centre local de promotion de la santé charleroi/thuin;Santé;Avenue Général Michel 1b;6000;Charleroi;secretariat@clpsct.org
Centre récréatif aéré de monceau (cra monceau);Enfance / Jeunesse;Avenue Houtart 34;6031;Monceau-sur-Sambre;
Centre scolaire des etoiles;Enseignement;Rue des Chantiers 65;6030;Marchienne-au-Pont;info.charleroi@ecoledesetoiles.be
Cercle royal dramatique les nerviens;Culture;Rue des Nerviens 13;6250;Aiseau-Presles;nerviens@hotmail.com
Chant'appart chez les belges;Culture;Rue des Bruyères 138;6120;Jamioulx;vivipyrechansons@fulladsl.be
Charleroi coronary club (c.c.c.);Sport / Santé;Avenue du Centenaire  73;6061;Montignies-sur-Sambre;vincent.swartenbroekx@chndrf.be
Charleroi espace meeting européen (ceme);Affaires sociales;Rue des Français 147;6020;Dampremy;info@ceme.be
Charleroi/solidarité broucheterre;Affaires sociales;Rue de la Broucheterre 122;6000;Charleroi;abouffioux@met.wallonie.be
Chat noir;Culture;Rue de Quartier 71;6030;Marchienne-au-Pont;mpa-nermin
Chemins antiques sentiers d'aujourd'hui;Tourisme;Rue de Morelmont 8;6181;Gouy-lez-Pièton;carolinebuda@hotmail.com
"Club ""question pour un champion""";Loisirs;Avenue Circulaire 66;6200;Châtelet;michel.picard@belgacom.net
Club de tennis de table phoenix couillet;Sport / Loisirs;Rue du Try du Scouf 37;6032;Mont-sur-Marchienne;h149@skynet.be
Club signaleur dauphin;Loisirs;Rue Volta 45;6001;Marcinelle;valebail@voo.be
Club socio-culturel iragi;Immigration / Intégration;RUe Mouche 30;6010;Couillet;iragiclub2002@hotmail.com
Collectif carolo des africains pour la diversité;Immigration /Intégration;Rue Léon Bernus 7;6000;Charleroi;infoscocad@gmail.com
Comité de quartier de la docherie;Affaires sociales;Rue Royale 137;6030;Marchienne-au-Pont;weetsjp@hotmail.com
Comité des fêtes de la madeleine;Culture / Tourisme;Rue Wattelar 107;6040;Jumet;lejeune.adam@skynet.be
Comité scolaire des ecoles catholiques de Mont-sur-Marchienne;Enseignement;Rue Séraphin Antoine 17;6032;Mont-sur-Marchienne;ec000895@adm.cfwb.be
Conseil consultatif des ainés;Seniors;Maison communale annexe Place Kennedy 1 bureau 16;6030;Marchienne-au-Pont;veronique.gysels@charleroi.be
Contrat sécurité et de société;Affaires Sociales;Chaussée de Nivelles 177;6041;Gosselies;securite.prevention@charleroi.be
Contre-poing;Affaires sociales;Grand Rue 119;6000;Charleroi;asbl.contrepoing@belgacom.net
Cultura italiana;immigration / Intégration;Grand Rue 223;6000;Charleroi;cazzetta@skynet.be
D'cole;Affaires sociales;Rue de Bomerée 358;6110;Montigny-le-Tilleul;asbldcole@gmail.com
Plate-forme carolo pour la promotion et le développement du spectacle de divertissement;Culture;Rue Marius Meurée 1;6001;Marcinelle;vandenborgheantoine@gmail.com
Djembe mitoussa;Culture / Loisirs;Rue du Pont Neuf 3;6000;Charleroi;info@djembemitoussa.org
École fondamentale libre Saint-Joseph Jumet houbois Heigne;Enseignement;Place Matteoti 3;6040;Jumet;esjjhou@skynet.be
Echoline;Handicap / Famille;Avenue du centenaire 65;6061;Montignies-sur-Sambre;info@echoline.be
Ecole st fiacre;Enseignement;Rue Saint Fiacre 46;6031;Monceau-sur-Sambre;verodemoulin@skynet.be
centre d'education à la santé;Santé;Avenue Général Michel 1b;6000;Charleroi;secretariat@educasante.org
Eglise arche de dieu;Culte;Route de Philippeville, 124;6010;COuillet;esaiemifa@yahoo.fr
Eglise protestante unie de belgique (epub marchienne);Culte;Rue de Beaumont 206;6030;Marchienne-au-Pont;m.lecomte@skynet.be
Enfants de lumière;Enfance / jeunesse;Rue d'Endessous  63;6211;Mellet;kikoumikiels@gmail.com
Entente canine jamioulx;Bien-être des animaux;Chemin de la Belle Epine 62;6120;Ham-sur-Heure;benoit.guiot871@gmail.com
Entraide et amitié universelle (e.a.u);Affaires sociales;Rue des Grogères 23;6001;Marcinelle;dora1be@yahoo.fr
Entraide et fraternité - Vivre ensemble - Justice et paix Hainaut;Affaires sociales;Rue Joseph Lefèvre 59;6030;Marchienne-au-Pont;charleroi@entraide.be
Equipo nizkor;Justice et droit;Rue de la Science 24;6000;Charleroi;nizkor@derechos.org
Plastik asbl (ancien encodage : Evolving);Culture;Rue Chausteur 74;6042;Lodelinsart;info@plastikasbl.be
Ex-minatori  marcinelle;Culture;Rue Caisse 11;6032;Mont-sur-Marchienne;paolinielio@skynet.be
Formation action pour le développement durable-solidarité;immigration / Intégration;Rue Camille-Carena 5/002 et 7/003;6000;Charleroi;faddsolidarite1@gmail.com
Familiale d'entraide;Affaires Sociales;Rue Trieu Kaisin 289;6061;Montignies-sur-Sambre;kaddour-abdelkrim@outlook.fr
Fédération belge d'airsoft;Loisirs;chaussée de Nivelles 167;7181;Seneffe;thor.fast1@gmail.com
Fédération des maisons de jeunes en belgique francophone;Jeunesse;Rue aux Cheveaux 8;4000;Liège;fmj@fmjbf.org
Fédération francophone des ecoles de devoirs;Education;Place St-Christophe 8/2e étage;4000;Liège;info@ffedd.be
Fédération des employeurs des secteurs des organisations de jeunesse, des fédérations de centres de jeunes et du tourisme social;Jeunesse;Rue des tanneurs 186;1000;Bruxelles;info@fesoj.be
Festival musical les printemps de saint laurent;Culture;Rue des Fougères 136;6010;Couillet;christian.delcoux@skynet.be
Fêtes du scapé;Culture;Rue des Grands Trieux 125;6031;Monceau-sur-Sambre;sergebeghin@freegates.be
Galilée;Nature / environnement;Place communale 20B;6230;Pont-à-celles;pascal@galileeasbl.com
Ghost of soldiers team;Sport / Loisirs;Rue Noir Dieu 9;6060;Gilly;daniel_roelandt@skynet.be
Groupe d'aide a la recherche et a l'information sur le psoriasis;Santé;rue du moria 36;6032;Mont-sur-Marchienne;info@gipso.info
Grand hôpital de charleroi  (site saint thérèse);Santé;Rue Trieux Kaisin 134;6061;Montignies-sur-Sambre;germaine.deberg@ghdc.be
Horizonomade;immigration / Intégration;Chaussée de Fleurus 293;6060;Gilly;horizonomade@boitmail.net
Houbois les aide;Affaires Sociales;Chaussée de Gilly 160;6040;Jumet;vangeel.houbois.les aide@gmail.com
Hunia castellum Cercle d'histoire de Jumet;Culture / Tourisme;Place du Prieuré 10;6040;Jumet;paddy.cordier@skynet.be
IMP-ACT;Culture;Passage de la Bourse 19;6000;Charleroi;lola_destercq@live.be
Infor'nature;Nature / environnement;Place Gambetta 30;6044;Roux;info@infornature.be
Jardin d'airemont;Enfance / Jeunesse;Rue Bois d'Airemont 25;6032;Mont-sur-Marchienne;dir.jardindairemont@skynet.be
Jeunesse et vie;Culte;Rue Thomas Bonehill 31;6030;Marchienne-au-Pont;murru@skynet.be
Judo club optimal;Sport;Rue du Cimetière  34;6030;Marchienne-au-Pont;judoptimal@gmail.com
Judo kodokan fontaine l'evêque;Sport;Rue de Forchies 113;6182;Souvret;agab5w3@hotmail.com
Juillet musical d'aulne;Culture;chemin de Halage 6;6111;Landelies;francoise.vanroy@skynet.be
Kamer football club;Sport;Rue Victor Lucq 33;6040;Jumet;kamermounafoot@yahoo.fr
Kluh;Culture;Rue Maximilien Luce, 16;6010;Couillet;julienverbayst@hotmail.com
L' emploi autrement;Affaires sociales;Rue de Gilly 503;6200;Châtelineau;laure.barbet@gmail.com
La pioche;Santé;Rue Royale 95;6030;Marchienne-au-Pont;lapiocheasbl@yahoo.fr
L'atelier lovervalois;Culture / tourisme;Rue des Morlères 2;6280;Loverval;caudron.pierre@gmail.com
Le baluchon;Nature / environnement;Rue de Montigny 29;6000;Charleroi;lebaluchon@yahoo.fr
Le service familial de charleroi;Affaires Sociales;Avenue Mascaux 88;6001;Marcinelle;bettypilays@serfam.be
Le signe;Jeunesse;Rue du Laboratoire 27;6000;Charleroi;lesigne@skynet.be
Le souvrabble;Loisirs;Rue de Jumet  377;6030;Marchienne-au-Pont;scrabble@souvrabble.be
Magiciens conteurs;Culture / loisirs;Rue du Faubourg 48;6250;Aiseau;revusmagic@htomail.com
Leika-trans-rescue;Bien-être des animaux;Rue Montereale Valcellina 1;6110;Montigny-le-Tilleul;leika-trans-rescue@outlook.com
L'envol jeunesse;Jeunesse;rue du roi chevalier 31;6220;Wangenies;info@lenvoljeunesse.be
Les amis de la plaine des jeux de ransart;Enseignement;Rue Vigneron 234;6043;Ransart;dullier.vital@gmail.com
Les amis de l'envol;Handicap;Zoning de Jumet 1ère rue 23;6040;Jumet;info@lenvolcharleroi.be
Les amis des musées de la ville de charleroi;Culture;Place Charles II, Hôtel de Ville 2ème étage;6000;Charleroi;chantal.mangeot@charleroi.be
Les amis d'houdini;Culture;Rue Winston Churchill 99;6180;Courcelles;claude_magis@hotmail.com
Les forgerons, histoire de faire;Culture;Avenue de Wallonie 123;6180;Courcelles;lesforgerons.asso@gmail.com
L'espoir;Famille;Rue Léopold 70;6061;Montignies-Sur-Sambre;direction@espoir-spf.be
L'esprit s'insère;Culture;Rue Paul Janson 16;6150;Anderlues;o-taymansregis@hotmail.com
Ligue belge de la sclérose en plaques - communauté française;Santé;Rue Brigade Piron 330;6061;Montignies-sur-Sambre;dgrisay@ligue.ms-sep.be
Lions club charleroi sextant;Affaires sociales;Rue de l'Athénée 4/2;6000;Charleroi;maurice.roch@skynet.be
Lire et ecrire charleroi sud hainaut;Formation;Rue de Marcinelle 42;6000;Charleroi;charleroi.sud.hainaut@lire-et-ecrire.
Lire et ecrire wallonie;Formation;Rue Artoisenet 7;5000;Namur;coordination.wallonne@lire-et-ecrire.be
Luz verde prodis;Culture;Rue des Erables 11;6030;Goutroux;luz.verde.prodis@gmail.com
Maison de la presse de charleroi;Culture;Rue Tumelaire 15;6000;Charleroi;maison.presse@skynet.be
Maison de quartier de gilly;Affaires sociales;Rue Pont d'Arcole 353;6000;Charleroi;maisonquartiergilly@skynet.be
Centre communautaire - Maison de quartier el maujone - Chatelet;Affaires sociales;Rue de Bouffioulx 12;6200;Châtelet;elmaujonehotmail.com ou sarah_elmaujonehotmail.com
Monceau-fontaines asbl;gestion et finances;Rue de Monceau-Fontaine 42/1;6031;Monceau-sur-Sambe;bc@monceau-fontaines.be
œuvres royales de la saint nicolas charleroi;Affaires sociales;Boulevard Audent 16;6000;Charleroi;rogercurnel@gmail.com
Centre d'entrainement de plongee;Sport / Loisirs;Rue de Montigny 103;6000;Charleroi;lebrundidier@hotmail.com
Orisha;Affaires sociales;Rue de Bans 35;6001;Marcinelle;camilledanneels@gmail.com
Palais des beaux-arts;Culture;Place du Manège;6000;Charleroi;a.ciavarella@pba.be
Passerelle/funoc;Emploi / formation;Rue de Trazegnies 41;6031;Monceau-sur-Sambre;passerelle@commu.be
Peuples solidaires belgique;Affaires Sociales;rue des sept actions 27B;6060;Gilly;peuples.solidaires@gmail.com
Plate-forme de concertation en soins palliatifs du hainaut oriental;Santé;Espace Santé, Boulevard Zoé Drion, 1;6000;Charleroi;soins.palliatifs@skynet.be
Poney club de buisseret;Sport / Loisirs;Rue du Chauffour 235;6181;Gouy-lez-Piéton;poneyclub.buisseret@skynet.be -contact@pcbuisseret.be
Presenza e cultura italiana  a.i;Culture / Tourisme;Rue du Spignat, 31;6030;Marchienne-au-Pont;marcello.conserva@skynet.be
Promigrantibus  (service pastoral des migration);immigration / Intégration;Rue de Marchienne 12;6000;Charleroi;musimarclaude@yahoo.fr
Régie de quartier de marchienne-au-pont;Affaires sociales;Rue du Spignat 93/1;6030;Marchienne-au-Pont;
Relogeas;Affaires sociales;Rue de Monceau-Fontaine 42/11;6031;Monceau-sur-Sambre;serge.dewulf@relogeas.be
Réseau médico-psychologique ambulatoire de charleroi;Santé;Avenue du Centenaire 75;6061;Montignies-sur-Sambre;trametis@gmail.com
Rotary club charleroi 7;Affaires sociales;Boulevard Joseph II 60;6000;Charleroi;patrick@vkerkhoven.be
Royal gosselies sport athletisme;Sport;Rue de Heigne  6;6230;Viesville;fc660045@skynet.be
Association de sciences et bonnes mœurs Semerkand;immigration / Intégration;Rue Petite Aise 47;6061;Montignies-sur-Sambre;semerkandcharleroi@hotmail.com
Service d'aide  psychologique d'urgence de la région de charleroi;Santé;Rue Jean-Joseph Piret 23;6280;Gerpinnes;christophebellet@hotmail.com
Servio;Culture / Tourisme;Rue Octave de Falleur 1;6040;Jumet;jacques.semal@base.be
Shark family;Culture;Rue Bois Madame 37;6032;Mont-sur-Marchienne;sarafianos.gregory@kcity.be
Sprint 2000 charleroi;Sport / Loisirs;Rue Tulia Adam 6;6001;Marcinelle;leon.vlancker@belgacom.net
Tep afrique;immigration / Intégration;Avenue général Michel 1B;6000;Charleroi;
Théâtre de marionnettes chiffons et chaussettes;Culture;Rue Delbruyère 16;6032;Mont-sur-Marchienne;franxabi2009@hotmail.fr
V.68 center asbl;gestion et finances;Boulevard Tirou 17;6000;Charleroi;
Vah europe;Culture / Tourisme;Rue de la Rivelaine 54/1/1;6061;Montignies-sur-Sambre;vaheurope@gmail.com
2 connect;Affaires sociales;Rue de la Broucheterre 53/1;6000;Charleroi;
Académie André Souris de marchienne-au-pont;Culture;Rue de Châtelet 28;6030;Marchienne-au-Pont;aca.marchienne@gmail.com
Acanthe;Culture;Rue Docteur Morlet, 53;6020;Charleroi;acanthe@hotmail.com
Accueil et promotion au services des immigrés;Immigration et intégration;Rue de la Providence 10;6030;Marchienne-au-Pont;apimm@commu.be
Africa rise;Affaires sociales;Rue du Grand Central 52;6000;Charleroi;asblafricarise@gmail.com
Allo candy;Enfance/Jeunesse;Rue Louis Bréguet 9;6041;Gosselies;allo-candy@scarlet.be
Amicale de l'athénée royal yvonne vieslet (aarm);Enseignement;Rue des remparts 35;6030;Marchienne au Pont;mtdewitte@yahoo.com
Amicale des enseignants du cecs la garenne;Enseignement;Rue de Lodelinsart 200;6000;Charleroi;garenne@brutele.be
Amoureux de basketball / ADDICTED TO BASKETBALL;Sport / Loisirs;Rue Tienne Saint-Gilles, 254;6010;Couillet;yanga2004@hotmail.com
Assemblée chrétienne;Culte;Rue de Forrière 321;6180;Courcelles;ac.courcelles@belgacom.net
Association culture haut-fourneau 4 du coeur de charleroi;Culture/Tourisme;Rue de Gilly 265;6010;Couillet;
Association culturelle et de l'amitié belgo-turque;Immigration/Intégration;Place des Combattants 8 /1 A;6030;Marchienne au Pont;belturk87marchienne@gmail.com
Association culturelle et éducative de la société protectrice des animaux de charleroi;Bien-être des animaux;Rue E. Vandervelde 115;6032;Mont-sur-Marchienne;bsrc@live.be
Association des centres de coordination de soins et services à domicile;Santé;Boulevard Zoé Drion 1/ 2è étage;6000;Charleroi;accoord@skynet.be
Association des parents et enseignants de l'école communale des haies;Enseignement;Rue du Longtry 41;6032;Mont-sur-Marchienne;montsurmarchienne.ecole56@brutele.be
Association des ressortissants guinéens et sympathisants de charleroi;Immigration/Intégration;Avenue de l'Europe 15;6031;Monceau-sur-Sambre;msacko2001@yahoo.fr
Association portugaise région charleroi et centre;Immigration/Intégration;Rue du Spinois 68;6041;Gosselies;joaquimjgv@hotmail.com
Association royale confraternelle des disciples de saint eloi de jumet heigne (arcd);Culte;Avenue Centrale 50;6001;Marcinelle;danczuksa@msn.com
Association royale des masters en sciences de l'ingénieur industriel du hainaut;Justice et droit;Rue Fagnart 18;6000;Charleroi;aiih.courrier@gmail.com
Association secours canins;Bien-être des animaux;Rue Jacques Léon;6040;Jumet;beschiltz@voo.be
Association wallonie bruxelles de basket-ball;Sport;Rue des Hauchies 108;6010;Couillet;l.lopez@awbb.be
Atelier piet vandenhende;Culture;Rue Désandrouin 11;6000;Charleroi;piet.vandenhende@hotmail.be
Autonomie;Handicap;Rue du Douaire 40;6150;Anderlues;autonomie@mc.be
Avenir du jeu de balle de bersillies-l'abbaye;Sport / Loisirs;Rue de Cousolre 27;6560;Bersillies -l'Abbaye;quentinbauval@skynet.be
Axe formation emploi;Affaires sociales;Rue de Wangenies 67;6220;Fleurus;secretariat@axeformationemploi.net
Badema;Culture;Rue Joseph Caramin 16;6280;Gerpinnes;phil743@infonie.be
Bibliothèque M. Yourcenar;Culture;Place Albert 1 er /  Château de Cartier 38;6030;Marchienne-au-Pont;serge.budahazi@charleroi.be
C. production artist;Culture;Rue Emile Van Geersdaele 61;6020;Dampremy;michellaruga86@gamil.com
Capoeira art et culture du brésil;Sport / Loisirs;Rue de Marchienne 78;6110;Montigny-le-Tilleul;houbenlaure@hotmail.com
Carolo moussem;Culture;Boulevard Tirou 213/6;6000;Charleroi;
Cecifoot charleroi;Sport / Handicap;Rue du Cimetière 23 J;6032;Mont-Sur-Marchienne;
Cellule d'intégration par le sport (cis);Sport;Route de Mons 70;6030;Marchienne-au-Pont;gerard.duquesne@charleroi.be
Centre de formation pour educateurs;Enseignement;Rue de Courcelles 10;6044;Roux;cesa@cesa.be
Centre de formation sociale et culturelle pour travailleurs à Charleroi;Education / Formation;Boulevard Emile Devreux 36-38;6000;Charleroi;cenforsoc.secretariat@cenforsocasbl.be
Centre de guidance;Santé;Rue Léon Bernus 22;6000;Charleroi;centrebernus40@hotmail.com
Centre communal d'information sur le sida et les infections sexuellement transmissibles;Santé;Boulevard Zoé Drion 1 3ème étage;6000;Charleroi;sidamst@chu-charleroi.be
Centres psycho-médico-sociaux libres de la région de charleroi;Education / santé;Route de Beaumont 71;6030;Marchienne-au-Pont;cpmsl.map@skynet.be
Cercle des finances de charleroi;Justice et droit;Rue Jean Monnet 14 bte 8 (local 629);6000;Charleroi;v.ricci@caramail.com
Charleroi adventure city safari;Culture / Tourisme;Rue Goor 64;6061;Montignies-sur-Sambre;charleroi.image@commu.be
Chorale a cœur joie régionale de charleroi;Culture;Avenue Jean 1er 2;5000;Namur;annemariemasy@skynet.be
Cinéastes club jumetois;Culture;Place de la Constitution 17 / 1;6001;Marcinelle;louis_ricotta@voo.be
Circomédie;Culture / Loisirs;Rue de l'Abbaye 251;6220;Fleurus;info@circomedie.be
Club & ecurie automobile du pays-noir;Sport / Loisirs;Rue de la Flanière 134;6043;Ransart;acpaysnoir@voo.be
Comité de quartier charleroi ville-haute;Affaires sociales;Rue de la Montagne 82/12;6000;Charleroi;comitequartiercharleroivhaute@gmail.com
Comité du carnaval de charleroi;Culture / Tourisme;Boulevard Jacques Bertrand 68;6000;Charleroi;daniel.falise@hotmail.com
Comité solidarité jeunesse;Jeunesse;Rue de l'Union 85;6040;Jumet;comitesolidaritejeunesse@hotmail.com
Comme chez nous (le rebond);Affaires Sociales;Rue Léopold 36;6000;Charleroi;secretariat.ccn@gmail.com
Communauté du glyphe;Affaires Sociales |Formation;Rue Jean Dulait 1;6001;Marcinelle;bureau@ecrivains-publics.be
Communauté hellénique de charleroi et environs;Immigration / Intégration;Rue Omer Lefèvre 40;6000;Charleroi;hellas@brutele.be
Comptoir des ressources créatives charleroi;Culture;Rue Boulevard Audent 18;6000;Charleroi;amhaegem@yahoo.fr
Conseil des femmes francophones de belgique;Justice et droit;Rue Tumulaire 77;6000;Charleroi;cffbcharleroithuin@gmail.com
Country club accused;Loisirs;Rue du Souverain 29;6040;Jumet;ppr@live.be
Courir à pied ou marcher pour le don d'organes;Sport / Santé;Rue des Peines Perdues  11;6000;Charleroi;michdrygal@yahoo.fr
C-prévu;Affaires sociales;Rue Louis Biernaux 97/a023;6040;Jumet;lamy.jm@outlook.be
Dial loisirs;Santé;Rue try du scouf 2;6032;Mont-sur-Marchienne;esalvaflm@hotmail.com
Dumtak;Sport / Loisirs;Place Charles Brogniez 20;6140;Fontaine-l'Evêque;dumtak@skynet.be
Ecole technique cynophile;Bien-être des animaux;Rue de la Babotterie 125;6001;Marcinelle;ecoletechniquecynophile@skynet.be
El bwesse à tèyate;Culture;Rue du Commerce 1 Bte 123;6000;Charleroi;
En sol mineur;Culture;Rue de Cartier 44;6030;Marchienne-au-Pont;ensolmineur@skynet.be
Enfance maltraitée;Enfance / Jeunesse;Rue Léopold 11-15;6000;Charleroi;apepcharleroi@yucom.be
Enrico lancellotti & friends;Culture;Rue de Courcelles 48;6044;Roux;michel.rosart@rosart.be
Espace allison;Affaires sociales;Rue Thiebaut 21;6280;Gerpinnes;espaceallison@yahoo.fr
Espace médina - set;immigration / Intégration;Chaussée de Fleurus 69;6060;Gilly;belgesissusdelimmigration@hotmail.com
Espace socrate;Formation / emploi;Rue de l'Hôpital 55;6030;Marchienne-au-Pont;silvanogueli@gmail.com
Events for young;Loisirs;Rue Joseph Lambillotte 138B;6040;Jumet;cestmj@hotmail.com
Opération faim et froid;Affaires Sociales;Rue Willy Ernst 41;6000;Charleroi;ffmal@hotmail.com
Formation education culture;Education / Formation;Rue Prunieau 5;6000;Charleroi;ch@fecasbl.be
Association belge des infirmier(e)s en sante mentale;Santé;Rue de Cartier 44;6030;Marchienne-au-Pont;abism@skynet.be
Fédération des autos-ecoles agréées;Formation;Rue des Crocheux 7;6140;Fontaine-l'Evêque;info@faa.be
Fédération sportive des pêcheurs francophones de belgique;Sport / Loisirs;Rue Lucien Namêche 10;5000;Namur;info@fspfb.be
Folklore patrimoine charleroi;Culture;Rue du Six Juin 36;6200;Châtelineau;positif1@live.be
Formidable;Affaires sociales;Rue du Roton 2/021;6000;Charleroi;formidable.asbl@gmail.com
Foyer emmanuel;Culte;Rue Appaumée 58;6043;Ransart;christian@foyeremmanuel.be
Golden talon belgian association;Culture;Rue d'Acoz 82;6200;Châtelet;dehon_fredla2526@yahoo.com
Grégory et mélanie;Justice et droit;Rue des Cueilleurs 8;6060;Gilly;gregetmel110715@gmail.com
Hainaut seniors gestion;Seniors;Rue du Débarcadère, 179;6001;Marcinelle;hainautseniors.charleroi@hainaut.be
Hôpi-clown;Enfance / famille;rue Vandervelde 244 B;6534;Gozée;annie@hopiclown.be
Horizon 2000;Handicap;Quai Arthur Rimbaud 20;6000;Charleroi;horizon.2000@h2000.be
Hôtel charleroi;Culture;Chemin de Bornival 42;1400;Nivelles;hotelcharleroi@gmail.com
Informatique et maintenance pour tous;Formation;Rue Tienne Saint Gilles  153;6001;Marcinelle;jm.glinne@brutele.be
Innovatech;gestion et finances;Rue Auguste Picard 20;6041;Gosselies;anita.zigah@cerdt.be
bassin efe hainaut sud;Enseignement / Formation;Avenue Général Michel 1E/Bte 7;6000;Charleroi;ibefe-hs@forem.be
Keytrade press charleroi;Sport / Loisirs;Avenue Paul Pastur 271/16;6032;Mont-sur-marchienne;jeremy.delforge@hotmail.com
La cité jardin;Nature / Environnement;Rue Paul Pastur 32;6010;Couillet;cmja@charleroi.be
La famille retrouvée;Enfance / Jeunesse;Rue de l'Eglise 46;6032;Mont-sur-Marchienne;dattolifamilleretrouvée@gmail.com
La hutte;Enfance / jeunesse;Chaussée de Bruxelles 305;6040;Jumet;lahutte@tele2.be
La maison de l'adolescent;Jeunesse;Boulevard Zoé Drion 1;6000;Charleroi;maison.ado@chu-charleroi.be
La noria;Culture / Jeunesse;Rue du Bois 27;6040;Jumet;
La troupa oli;Culture;Allée de la Grosse Haie 14;6280;Gerpinnes;pj.verheiden@belgacom.net
Le bois du cazier;Culture / Tourisme;Rue du Cazier 80;6001;Marcinelle;info@leboisducazier.be
Le bois roussel-codma;Handicap;Rue de Marchienne 32;6110;Montigny-le-Tilleul;saja@leboisroussel.be
Le déclic, service de vie féminine d'accueil de femmes et enfants victimes de violences intra-familiales;Affaires Sociales |Famille;Rue du Pont 11;6530;Thuin;ledeclic@viefeminine.be
Association de la region de charleroi pour l'aide aux handicapes mentaux;Handicap;Rue de la Poudriere 30;6060;Gilly;direction@maillon-gilly.be
Club de dressage Le meilleur ami de l'homme;Bien-être des animaux;Rue de Villers 251;6280;Gerpinnes;amath@skynet.be
Le phare;gestion et finances;Rue des Ecoles 12;6230;Pont-à-Celles;goissepac@yahoo.fr
Le regain;Santé;Avanue du Centenaire 71;6061;Montignies-sur Sambre;leregain.ihp@gmail.com
Le réseau;Handicap / Formation;Rue de Trazegnies 41;6031;Monceau-sur-Sambre;com-res@commu.be
Le restaurant du cœur de charleroi;Affaires Sociales;Boulevard Tirou 24/D1;6000;Charleroi;secretariat.charleroi@restaurantducoeur.net
Centre de planning familial et d'entretien d'aide Le terril;Affaires sociales;Rue Auguste Frison 56;6040;Jumet;celine.ghislain@butele.be
Le tricycle de la vie;Affaires sociales;Rue Auguste Portier 13;6001;Marcinelle;letricycledelavie@hotmail.be
Section régionale de charleroi de la ligue de l'enseignement et de l'education permanente;Enseignement / Formation;Rue de France 31;6000;Charleroi;cl.charles@skynet.be
Les amis du télévie;Affaires sociales;Rue du Petit Pige, 98;6000;Charleroi;lesaccrosdutelevie@hotmail.com - rogerroger2002@hotmail.com
Maison des jeunes les gais lurons;Jeunesse;Faubourg de Bruxelles 89 A;6041;Gosselies;serge.fevrier@mail.mobistar.be
Les jeux du caméléon;Handicap/Loisirs;Rue des Claires Fontaines 70;6180;Courcelles;info@lesjeuxducameleon.be
Les petits câlins;Enfance;Rue Prunieau 5;6000;Charleroi;petitscalins@help2me.com
L'eveil;Jeunesse;Rue Joseph Wauters 48;6043;Ransart;eveil-mona@commu.be
Ligue belge des sophro-conseillers;Santé;Rue du Travail 58-62;6200;Chatelineau;infos@sophroconseillers.org
Ligue handisport francophone;Handicap;Avenue du centenaire 69;6061;Montignies-sur-Sambre;info@handisport.be
M.e.s  ( sourds et malentendants );Handicap;Rue du Cazier 80;6001;Marcinelle;a.mathieu@leboisducazier.be
Maison de l'imprimerie et des lettres de wallonie;Culture;RUe Verte 1 B;6530;Thuin;maisonimprimerie@hotmail.com
Maison de quartier  la broucheterre;Affaires sociales;Rue Bayemont, 28/7;6000;Charleroi;mqbroucheterre@yahoo.fr
Maison des jeunes et de la culture de couillet;Jeunesse;Rue Maximilien Luce, 62;6010;Couillet;mjccouillet@outlook.com
Maison médicale la glaise;Santé;Rue Léon Dubois, 241;6030;Marchienne-au-Pont;contact@mmlaglaise.be
Mbc sports et loisirs concept;Santé;Rue du Cimetière 23 J;6032;Mont-sur-Marchienne;dancingclub_msm@hotmail.com
Médecine pour le peuple - Marcinelle;Santé;Rue de la Vieille Place 67;6001;Marcinelle;annefelix.mplp@gmail.com
Mimosas;Education / Formation;Avenue Général Michel 1B;6000;Charleroi;reginetshinguta@yahoo.fr
Némésis charleroi;Affaires Sociales;Place du Nord Michel Levie 22;6000;Charleroi;direction@nemesischarleroi.be
Neptune club gosselien;Sport / Loisirs;Chaussée de Nivelles 201;6041;Gosselies;neptune_club_gosselies@yahoo.com
N'os marraines;Bien-être des animaux;Route de la Basse Sambre 121/11;6060;Gilly;bambouetisa34@hotmail.com
Observatoire du crédit et de l'endettement;gestion et finances;Place Albert 1er Château de Cartier 38;6030;Marchienne-au-Pont;info@observatoire-credit.be
Oryx projekt;Culture;Rue Marechal Foch 1 bt 1/1;6200;Châtelineau;oryxprojekt@gmail.com
Patrie, foi , science;Culte;Rue de l'Ange, 34;6001;Marcinelle;emile.tassin@skynet.be
Quai 10;Culture;Quai Arthur Rimbaud 10;6000;Charleroi;contact@quai10.be
Régie de quartier de gosselies;Affaires sociales;Rue J. Massau 4;6041;Gosselies;rdqchl.sac.gosselies@gmail.com
Relais social du pays de charleroi;Affaires Sociales;Boulevard Jacques Bertrand 10;6000;Charleroi;relais.social.charleroi@skynet.be
Renegades roller derby charleroi;Sport / Loisirs;Rue des Bois  16;6001;Marcinelle;renegades.secretariat@gmail.com
Royal football club Gilly section jeunes;Sport;Rue des Vallées 13;6060;Gilly;severino-toto@hotmail.com
Rockerill production;Culture;Rue de la Providence 136;6030;Marchienne-au-Pont;m.sacchi@hch.be
Royal climbia's club;Culture;Place Edmond Gilles 20;6042;Lodelinsart;francisdebruyne@brutele.be
Système d'accompagnement a la creation d'enreprises;Emploi / formation;Avenue Général Michel 1E/Bte 18;6000;Charleroi;info@sace-asbl.be
Saint lambert - château mondron;Affaires sociales;Chaussée du Château Mondron 57;6040;Jumet;adrien.laduron@chateau-mondron.be
Service d'accompagnement pour personnes handicapees en milieu ouvert;Handicap;Rue des Goutteaux 17;6032;Mont-sur-Marchienne;asblsapho2@hotmail.com
Sarah - Centre de formation a l'ecoute, a l'accompagnement et au bien-etre personnel et professionnel;Santé;Boulevard Drion ( espace santé ) 1;6000;Charleroi;asbl.sarah@skynet.be
Scrabbleroy;Loisirs;Rue de la Plagne 49;6110;Montigny-le-Tilleul;brevearcadie@skynet.be
Service d'aide à la jeunesse;Enfance / Jeunesse;Rue de la Rivelaine 7;6061;Montignies-sur-Sambre;saj.charleroi@cfwb.be
Simba mosala;Education / Formation;Rue du Bosquet 25;6141;Forchies-la-Marche;elisabeth2912@hotmail.com
Société royale d'archéologie, d'histoire et de paleontologie de charleroi;Culture;Rue de Montigny 4é étage 101;6000;Charleroi;archeologiecharleroi@gmail.com
Solidarité des alternatives wallonnes et bruxelloises;gestion et finances;Rue Monceau-Fontaine 42 / 6;6031;Monceau-sur-Sambre;info@saw-b.be
Solidarités nouvelles;Affaires Sociales;Boulevard Jacques Bertrand 8;6000;Charleroi;solidanouv@commu.be
Song neeba;Affaires sociales;Avenue E. Mascaux, 311;6001;Marcinelle;info@songneeba.org
Travailleurs associatifs qualifies des quartiers wallons de tout ages;Affaires sociales;Rue Jacques Lion 75;6040;Jumet;asbltaqwa@gmail.com
Terre d'aventures;Affaires sociales;Rue Marie Danse 9 RC;6000;Charleroi;terredaventures@laposte.net
Théâtre de l'ancre;Culture;Rue de Montigny 122;6000;Charleroi;info@ancre.be
Timobe;immigration / Intégration;Rue Pierre Joseph Lecomte 37;6020;Dampremy;timobe@hotmail.fr
Un temps pour aimer;Affaires sociales;rue vandervelde 5;6040;Jumet;untempspouraimer@gmail.com
Un toit;Affaires Sociales;Rue Albert 1er 86;6043;Ransart;degroote-jeanmarie@live.be
Une nouvelle ville;gestion et finances;Place Jean Jaurès 30;6040;Jumet;mpa-nermin
Union des anciens etudiants de l'ulb, régionale de charleroi - le centre;Enseignement;rue de France 31;6000;Charleroi;ksalade@hotmail.com
United eagles dancers;Loisirs;Rue  Biernaux, 7;6040;Jumet;danielclement@hotmail.fr
2mad école de danse;Sport;Rue Jules Destrée 96b;6001;Marcinelle;melanie@2mad.be
Accompagnement de jeunes en milieu ouvert;Jeunesse;Rue Willy Ernst 29;6000;Charleroi;ajmo@commu.be
Accordéon magique;Affaires sociales;Rue Edmond Jacquin 105;6030;Marchienne-au-Pont;papyon.erik@hotmail.com
Acp saint eloi;Affaires sociales;Rue de la Siderurgie 1;6031;Monceau-sur-Sambre;contact@sogimsyndic.be
Actions viens voir;Affaires sociales;Boulevard jacques Bertrand 25 A;6000;Charleroi;ajda.bestt@yahoo.fr
Algériens de belgique et du Luxembourg;Immigration et intégration;Rue de l'abatoir 118;6200;Châtelet (Siège Bruxelles);lindachaoichi@yahoo.fr
Allaitement infos;Santé;Rue de la Brasserie 2;6061;Montignies sur Sambre;tompouce159@hotmail.com
Alliance pour un monde juste;Immgration et intégration;Rue Arthur Decoux 9;6020;Dampremy;alljusteasbl@yahoo.fr
Amnesty international hainaut oriental;Justice et droit;Avenue Elisabeth 6/11;6001;Marcinelle;ngrolet@base.be
Amo  point jaune;Jeunesse;Rue du Palais 12;6000;Charleroi;info@pointjaune.be
Ancienne abbaye de soleilmont;Culture / Tourisme;lieu-dit Abbaye de Soleilmont 1;6060;Gilly;nathalie.zune@gmail.com
Animations de quartier de jumet heigne;Affaires sociales;Rue Sohier 57;6040;Jumet;fa400663@skynet.be
Arc-en-terres;Affaires sociales;Rue Pierre Bauwens 37;6030;Marchienne-au-Pont;arcenterres@gmail.com
Arts en stock;Culture;Rue de Marcinelle  27;6000;Charleroi;info@jeanmichel.be
Assemblée chrétienne de fontaine l'evêque;Culte;Rue Louis Delattre 23;6140;Fontaine-l'Evêque;jean_pierregrelak@hainaut.be
Association carolo d'improvisation;Culture;Rue de l'espinette 89;6142;Leernes;contact@improcarolo.be
Association culturelle et sociale;Education / Formation;Avenue Roosevelt 39;6041;Gosselies;alphaba777@gmail.com
Association des vétérinaires de charleroi;Bien-être des animaux;Rue des Goutteaux 71;6043;Ransart;lorentau@hotmail.com
Association internationale paix et démocratie;Affaires sociales;Boulevard Tirou, 253;6000;Charleroi;debasesa@hotmail.com
Association libre des arts martiaux d'europe;Sport;Rue Saint- Roch 66;6041;Gosselies;fa109601@skynet.be
Association muro lucanese;Culture / Tourisme;Rue des Carrières 89;6030;Marchienne-au-Pont;mentinovi@auto2.be
Association pour la promotion des echanges nord-sud (apens);Tourisme;Rue du Nespériat 4;6530;Thuin;nherbecq@hotmail.com
Association royale des commerçants et indépendants de masses diarbois et tailleny;Affaires sociales;Rue Masses Diarbois 10;6043;Ransart;contact@ransart.me
Associazione pugliesi di charleroi (a.p.c.);Tourisme;Grand Rue 223;6000;Charleroi;cazzetta@skynet.be
Automobile club b.o.r.;Sport / Loisirs;Place des Martyrs 18c;6040;Jumet;ambre080193@hotmail.com
Avenir triathlon club  charleroi;Sport / Loisirs;Place Emile Vandervelde 5;6061;Montignies-sur-Sambre;jean.ficheroulle@freeworld.be
Bc ransart charleroi;Sport;Rue Tantenne 20;6043;Ransart;alain.bcransart@gmail.com
Bibliothèque de les bons villers;Culture;Rue Ernest Solvay 69;6211;Mellet;ziza_juste@yahoo.fr
Boite noire;Culture;Rue de la Jonquière 38;6180;Courcelles;zesheewa@gmail.com
Centre canin de formation;Bien-être des animaux;Rue René Delhaize 160;6043;Ransart;eric.quertinmont@gmail.com
Centre culturel régional de charleroi / eden;Culture;Boulevard Jacques Bertrand 3;6000;Charleroi;debbie@eden-charleroi.be
Centre de santé mentale;Santé;Rue Léon Bernus 18;6000;Charleroi;csm@cpascharleroi.be
Centre d'information et d'education populaire du mouvement ouvrier chrétien;Education / Formation;Boulevard Tirou 167;6000;Charleroi;fabrice.eeklaer@moc-ct.be
Centre d'initiatives locales;Emploi / formation;Rue Kennedy 150;6250;Aiseau-Presles;cil@bmedia.be
Centre ener'j;Enfance / Jeunesse;Chaussée de Lodelinsart 64;6060;Gilly;
Centre régional d'intégration de charleroi;Immigration /Intégration;Rue Hanoteau 23;6060;Gilly;info@cricharleroi.be
Cercle graphique et culturel de charleroi;Culture;Boulevard Roullier 1;6000;Charleroi;cgcc1970@gmail.com
Cercle philatélique gosselien;Loisirs;Chaussée de Nivelles 298;6041;Gosselies;polverhaeghe2009@hotmail.com
Cercle royal des sous-officiers retraités province de hainaut;Seniors;Rue de Sartiau 43;6530;Thuin;cauwgerard@live.be
Chorale royale les xvi;Culture;Rue des Déportés 150;6032;Mont-Sur-Marchienne;lesxvi@hotmail.com
Chronoplanet;Education / Formation;Rue Beaulieusart 148;6140;Fontaine-l'Evêque;laurent7171@ibelgique.com
Club education canine charleroi;Bien-être des animaux;Rue Paul Pastur 33;6042;Lodelinsart;luc.willame@hotmail.com
Comité amérique centrale de charleroi;Affaires Sociales;RUe Sohier 98;6031;Monceau-sur-Sambre;grignardphilippe@gmail.com
Comité croix rouge (gilly-ransart);Santé /Bien-Etre;Rue Tantenne 95;6043;Ransart;christiancdp@skynet.be
Comité de quartier charleroi nord;Affaires sociales;Grand rue 223;6000;Charleroi;nitelet.carmen@belgacom.net
Compagnie du campus;Culture;Place de La Hestre 19;7170;La Hestre;info@compagnieducampus.be
Congo secours plus;Immigration / Intégration;Rue du Bois 37;6010;Couillet;congosecoursplus@hotmail.be
Contrat de rivière sambre & affluents;Nature / Environnement;Rue de Monceau Fontaines 42 bte 20;6031;Monceau-Sur-Sambre;info@crsambre.be
Service de coordination des soins à domicile de la ville de charleroi;Santé;Espace santé, Boulevard Zoé Drion 1 (2é étage);6000;Charleroi;
Coordination drogues - centre d'accueil trait d'union;Santé;Rue Tumelaire 80;6000;Charleroi;cps.coord.drogue@charleroi.be
Decibels rock;Culture;Rue Léon Fayt 16;6142;Leernes;nirvana-sliver@hotmail.com
Défi nature;Nature / environnement;Place Communale 20c;6230;Pont-à-Celles;contact@defi-nature.be
Dîma rêves;Affaires sociales;Rue Chapelle Beaussart 77;6032;Mont-sur-Marchienne;jamcultures@hotmail.com
Direction de la prévention et de la sécurité;Affaires sociales;Chaussée de Nivelles 177;6041;Gosselies;dominique.denis@charleroi.be
Divertisport;Sport / Loisirs;Rue Chaussée 242;6141;Forchies-La-Marche;rafael@divertisport.be
Ecole de l'alliance;Enseignement;Route de Mons 108;6031;Monceau-sur-Sambre;ecole.alliance@brutele.be
J.J.J.C.R. Ecole Royale ransartoire de judo SALVATORE BUGLI ET D.A;Sport;Rue des carabiniers 18A;6043;Ransart;jjjcr@erjudo-salvatore-bugli.com
Elevage d'aulne;Sport / loisirs;Rue Auguste Farcy 19;6534;Gozée;bverstichel@gmail.com
Ensemble instrumental robert tourneur;Culture;Rue A. Desy 54;6031;Monceau-sur-Sambre;Bernadette.Martin@charleroi.be
Ernelle monceau;Sport / Loisirs;Avenue de l'Europe 25;6031;Monceau-sur-Sambre;jeanmignot@live.be
Espace jeunes;Jeunesse;Rue de savoie 8;7130;Binche;espacejeunesbinche@skynet.be
Etap vélo-répart vélo;Sport / Tourisme;Rue de la Providence 20;6030;Marchienne-au-Pont;etapvelo@live.fr
Eventi italiani;immigration / Intégration;Rue des Cayats 41;6001;Marcinelle;festa-italia@hotmail.com
Fantasy moon productions;Culture;Rue Longue 37;6060;Gilly;admin@fantasymoonprod.com
For'j Federation et organisation de jeunesse;Jeunesse;Rue de Monceau-Fontaine 35 A;6031;Monceau-sur-Sambre;info@forj.be
Association pour le developpement a charleroi d'actions collectives de formation pour l'universite ouverte;Formation;Avenue des Alliés 19;6000;Charleroi;funoc@funoc.be
Gallins montagnards;Sport;Avenue du Centenaire 216;6061;Monceau-sur-Sambre;jonathan.debauche@gmail.com
Global street défense;Sport;Rue Danvoi  11;6220;Lambusart;lazzanop@hotmail.com
Horizon f;Affaires Sociales;Rue Tchet 63;6240;Farciennes;lambot.laetitia@gmail.com
Jeunes organisés combatifs (joc);Jeunesse;Boulevard Tirou 167;6000;Charleroi;joccharleroi@joc.be
Jeunesse et santé;Jeunesse / Loisirs;Boulevard Tirou 167;6000;Charleroi;js.anderlues@mc.be
Kipepeo;Immigration /Intégration;Rue Germaine Dewandre 9;6032;Mont-sur-Marchienne;associationkipepeo@hotmail.com
La benoite;Nature / Environnement;Rue Ferrée  78;6120;Nalinnes;paul.mullier@skynet.be
La cabane de la caillette;Enfance / jeunesse;Rue de la Caillette 30;6044;Roux;moermanvirginie@gmail.com
La consoude;Affaires sociales;Rue Bethléem 36;6000;Charleroi;laconsoude@gmail.com
La maison du conte de charleroi;Culture;Boulevard Tirou 53;6000;Charleroi;maisonducontecharleroi@gmail.com
La malle aux mots;Culture;Rue Taillée Voie 17;6230;Buzet;zzt789@hotmail.com
La mémoire des maîtres verriers .be;Culture/Tourisme;Rue des Hauchies 53/1;6042;Lodelinsart;pierreromain@live.be
Le ranch du terril;Loisirs;rue du Chemin de Fer 51;6030;Marchienne-au-Pont;anne_fraeys@hotmail.com
Le ruchot;Nature / Environnement;Rue Ry Oursel 24;6001;Marcinelle;eddy.piron@belgacom.net
Le studio danse;Culture;Rue de la Grande Chenevière  208;6001;Marcinelle;spiro.dh@scarlet.be
L'entente carolorégienne de scrabble;Loisirs;Rue de la Plagne 49;6110;Montigny-le-Tilleul;brevearcadie@skynet.be
Les amis de la  ruche verrière;Affaires sociales;Place Edmond Gilles 20;6042;Lodelinsart;line.manouvrier@gmail.com
Amis de la nature section de Marcinelle et Charleroi;Nature / environnement;Rue Grande Chenevière 117;6001;Marcinelle;janmarcinelle@versatel.fr
Les amis du C.E.F.A. henri dunant charleroi;Enseignement;Rue Emile Vandervelde 28;6030;Marchienne-au-Pont;lesamisducefa@yahoo.fr
Les amis du château de cartier;gestion / Tourisme;Place Albert 1er 38;6030;Marchienne-au-Pont;
Les cent noms;Culture / Tourisme;Avenue Emile Vandervelde 33;6200;Bouffioulx;les-cent-noms@skynet.be
Les jardins de l'odyssée;Culture;Quai de Brabant 20;6000;Charleroi;roccetti.michel@hainaut.be
Les mots dansés;Culture;Rue du Vieux moulin 90;6001;Marcinelle;crispincecile@gmail.com
L'union pour l'humanité et le développement des villages;Affaires Sociales;Rue de Marcinelle  196/013;6032;Mont-sur-Marchienne;lapetitesouris@yahoo.fr
Maison d'accueil l'hôtel social;Affaires sociales;Rue du Ravin 46;6042;Lodelinsart;hotelsocial@cpascharleroi.be
Marchienne babel;Culture;Rue de l'Abattoir 12 bte3;6030;Marchienne-au-Pont;marchienne.babel@gmail.com
Mission Regionale pour l'insertion et l'emploi a charleroi;Emploi / formation;Rue de Trazegnies 41;6031;Monceau-sur-Sambre;accueil@mirec.net
Mission cattolica italiana;Culte;Route de Mons 73;6030;Marchienne-au-Pont;zafra4200@yahoo.it
Mouvance;Culture;Rue du Fer à Cheval 40;6110;Montigny-le-Tilleul;commu@mouvance-asbl.be
Mouvement des femmes prévoyantes socialistes de Charleroi;Affaires sociales;Place Charles II 24;6000;Charleroi;fps.charleroi.be -fps.charleroi@solidaris.be
Musée du sporting de charleroi;Sport / Loisirs;Rue François Deniest 14;6040;Jumet;chanelle-maya-he@hotmail.com
Orbitale;Culture;Rue de Marcinelle 30 a;6000;Charleroi;orbitale_asbl@skynet.be
Ors espace libre;Affaires Sociales;Rue Léon Bernus 27;6000;Charleroi;contact@espacelibre.be
PAC-regionale  charleroi (presence et action culturelles);Culture;Rue de la Science 9;6000;Charleroi;info@pac-charleroi.be
Pac de gilly;Culture;Rue Bon Air  8C;6041;Gosselies;pacgilly@gmail.com
Pardon  de marchienne;Culture / Tourisme;Rue du Nord 48;6060;Gilly;y.cornil@skynet.be
Pescalune;Culture;Rue du Longtry 49;6032;Mont-sur-Marchienne;phanyleclef@hotmail.com
Pigeon et bantam club de charleroi (p.b.c.c.);Loisirs;Rue Bara 68;6040;Jumet;minsart@hotmail.com
Prisme et résonances;Santé;Rue Grande Chenevière 32;6001;Marcinelle;nicole.lefief@skynet.be
Quartier monceau parc;Affaires Sociales;Rue Monceau-fontaine 42/9;6031;Monceau Sur Sambre;qmp@ibelgique.be
Quelque chose à faire;Emploi / formation;Rue Monceau-Fontaine 42/4;6031;Monceau-sur-Sambre;qcaf@qcaf.be
Royal Amicale club sportif Couillet - ne souhaite plus figurer;Sport / Loisirs;Rue de l'Ethiopie 47;6010;Couillet;racs.secretariat@euphonynet.be
Radio bonheur 100.8 fm;Culture;Rue de la Baille 42;6180;Courcelles;mikechevalier@euphonynet.be
Réseau financite;gestion et finances;rue de Marcinelle 30;6000;Charleroi;namur_hainaut@financite.be
Réseau globe starter (rgs);immigration / Intégration;Rue Charles Dupret 1;6000;Charleroi;kabuikaodon@yahoo.fr
Revelation media;Culte;Route de Mons 106;6031;Monceau-sur-Sambre;revelationmedia@brutele.be
Rond-point;Education;Grand rue 185;6000;Charleroi;nackers_e@hotmail.com
Scolarité et santé des enfants de brousse du bas-congo;Affaires sociales;Rue  du Presbytère 30;6000;Charleroi;ssebbascongo@outlook.be
Secours populaire wallonie-bruxelles;Affaires Sociales;Rue Jules Destrée 11;6020;Dampremy;robert.tangre@skynet.be
Secteur 42;Jeunesse;Rue Albert Delwarte 34;6042;Lodelinsart;info@secteur42.be
Service d'insertion socio-professionnelle;Emploi / formation;Rue Brigade Piron 332;6061;Montignies-sur-Sambre;inpprt@skynet.be / sisps@swing.be
Shoto karaté-do fontaine-l'evêque;Sport;Rue Longue Haie 12;6142;Leernes;info@karate-jka.com
Shotokan ryu aerden ha karatedo;Sport;Rue Bennert 8;6040;Jumet;mhaerden@hotmail.com
Silatador pencak défense;Sport;Rue des Champs, 32;6200;Châtelet;julesbureau418@hotmail.com
Style and move studio;Sport / Loisirs;Route de Beaumont 309;6030;Marchienne-au-Pont;tj@styleandmove.be
Tak/tak asbl;Culture;Rue des Francs 38;6001;Marcinelle;taktakasbl@gmail.com
Temps danses urbaines;Culture;Rue Devillez  43;6060;Gilly;info@tempsdansesurbaines.be
Tous pour stéphanie;Dissolution;Rue du Warchais 55;6210;Villers-Perwin;leopold.aerts@edpnet.be
Tubizeze - donnons-leur de l'espoir;Affaires sociales;Rue de l'Amérique 241;6010;Couillet;emmanuel.stoppele@belfius.be
Un toit pour domi;Affaires Sociales;Place Crawhez 45;6020;Dampremy;sylvie-carallo@hotmail.com
Union des commerçants et artisans de charleroi;gestion et finances;Grand Rue 223;6000;Charleroi;ucac@skynet.be
Vélo trial club les kangourous;Sport;Rue Mahy 10;6010;Couillet;kangourous.trial.be@gmail.com
Mode d'emploi initiatives d'insertion socio-professionnelle de vie féminine en region charleroi-thuin;Emploi / formation;Rue de Montigny 46;6000;Charleroi;charleroi@viefeminine.be
Vins et gourmandises de wallonie;Culture / Tourisme;Chausée de Châtelet, 42 bte 21;6060;Gilly;info@vinsetgourmandisesdewallonie.be
Visa jeunes;Jeunesse;Rue des Templiers 9;6220;Fleurus;visajeunes@chu-charleroi.be
Zone sud;Culture;Rue Julien Dulait 1 A;6001;Marcinnelle;zonesudasbl@gmail.com
1 toit 2 ages;Seniors;Rue Paul Pastur 68;6240;Farciennes;charleroi@1toit2ages.be
A.M.O. Pavillon J;Jeunesse;Rue Paul Pastur 121;6180;Courcelles;pavillonj@belgacom.net
Acp Association des Copropriétaires pastur;Affaires sociales;Avenue Pastur 418/27;6032;Mont-sur-Marchienne;info@lardinois.com
Ait-ala;Sport / Loisirs;Avenue de Waterloo 30/01/03;6000;Charleroi;azdine21@hotmail.com
Ajyal;Education/Formation;Place Try-colau, 12;6042;Lodelinsart;rharibm@ajyal.be
Alliance pour la mision d'intégration sociale;Intégration;Rue des Déportés 35A;6031;Monceau-sur-Sambre;armandovata@yahoo.com
Ambiance cubaine;Culture;Rue Adolphe  Desy 34;6031;Monceau-sur-Sambre;yosmani_sanchez@voo.be
Amicale des aînés socialistes de jumet;Seniors;Rue Octave de Falleur 1;6040;Jumet;jacques.semal@base.be
AIDE A LA RECONVERSION EN REGION DE CHARLEROI PAR L'INSERTION PROFESSIONNELLE ET LA CREATION D'EMPLOIS LOCAUX;Travail / Emploi;Rue de Trazegnies 41 (3ème étage );6031;Monceau-sur-Sambre;marieagnes.moreau@archipel-asbl.be
Association des sourds et malentendants de charleroi;Santé;Rue Chet 178;6061;Montignies-sur-Sambre;asmcharleroi@hotmail.com
Association espagnole parents d'élèves;Enseignement;Rue des Catelinettes 25;6200;Châtelineau;françois-jurado@splintex-glaverbel.com
Association francophone parkinson;Santé;Rue Sohier 4;6031;Monceau-sur-Sambre;edemolle12@yahoo.fr
Association pour la diffusion de l'evangile;Culte;Route de Mons 108;6031;Monceau-sur-Sambre;diffusion.evangile@brutele.be
Association pour l'esperanto;Culture / Enseignement;Rue du Basson 79;6001;Marcinelle;georges.sossois@hotmail.fr
Association saint-christophe;Culte;Rue Charnoy 5;6000;Charleroi;secretariat@paroisse-charleroi-vh.be
Association veronesi nel mondo;Tourisme;Rue du Calvaire 124;6031;Monceau-sur-Sambre;info@veronesinelmondo.be
Association wallonie europe;Affaires sociales;Rue Pierre Paulus 29;6000;Charleroi;santinon_antoine@voo.be
Atelier M;Jeunesse;Rue Monceau-Fontaine 35 A;6031;Monceau-sur-Sambre;info@atelierm.be
Azimut;Travail / Emploi;Rue Monceau Fontaine 42 bte15;6031;Monceau-sur-Sambre;azimut@azimut.cc
Belges issus de l'immigration;Immigration / Intégration;Chaussée de Fleurus 69;6060;Gilly;biimm@commu.be
Belgian golf one;Loisirs;Rue Vandervelde 74;6032;Mont-sur-Marchienne;moroicuj.houje@yahoo.fr
Bonsaï club carolorégien;Loisirs / Nature;Rue du 1er Décembre 44;6200;Châtelineau;vandenbremt.hugo@skynet.be
Carolo scuba diving club;Sport / Loisirs;Sentier de la Rampe 17;6061;Montignies-sur-Sambre;fa634386@skynet.be
Carol'or;Economie circulaire;Rue de Dampremy 24/3;6000;Charleroi;vincent.lorge@gmail.com
Cefa charleroi-thuin;Enseignement;Rue de Châtelet 22;6030;Marchienne-au-Pont;secretariat.csmf@skynet.be
Centre aéronautique carolorégien;Sport / Loisirs;Aérodrome de Cerfontaine Rue des Lacs 50;5630;Cerfontaine;marius.cohard@busmail.net
Centre culturel alevi du Grand charleroi;Affaires sociales;Rue de l'Eglise 23;6200;Châtelineau;alevicharleroi@hotmail.com
Centre culturel islamique de charleroi;Culte;Place de la Broucheterre  9;6000;Charleroi;nazma.khan.786@hotmail.com
ROYAL CHARLEROI SPORTING CLUB - Centre européen d'escrime de charleroi;Sport;Boulevard de l'Yser 13;6000;Charleroi;lecocqjeanlouis@yahoo.fr
Cercle d' histoire de gilly;Culture / Tourisme;chaussée de Fleurus, 194;6060;Gilly;o.vdd@hotmail.com
Cercle horticole carolo potiron;Nature;Rue d'Aiseau 222;6250;Aiseau-Presles;fortunato.laura@brutele.be
Cercle royal photographique de charleroi;Loisirs;Rue du Pont-à-Nôle 82;6032;Mont-sur-Marchienne;coqlet.jp@skynet.be
Cercle théâtre wallon de mont-sur-marchienne;Culture;Rue des Déportés 95;6032;Mont-sur-Marchienne;
Chantier;Emploi / formation;Rue de la Vieille Place 51;6001;Marcinelle;secretariat@eftchantier.be
Charbon actif;Culture;Rue de Heigne 34;6000;Charleroi;info@charbonactif.net
Charleroi métropolis;Education / Culture;Rue du Phénix 21;6020;Dampremy;charleroi.metropolis@gmail.com
Charleroi/danses, Centre chorégraphique de la communauté française Wallonie-Bruxelles;Culture;Boulevard Mayence 65 C;6000;Charleroi;isabelle@charleroi-danses.be
Tak/tak association sans but lucratif;Culture;Grand Place 9/10;6001;Marcinelle;peggyfrancart@gmail.com
Claddaghdance;Culture / Loisirs;Rue Paul Dechamps 47;6010;Couillet;claddaghdance@hotmail.com
Club alpin belge du hainaut;Sport / Loisirs;Rue des Combattants 21;6032;Mont-sur-Marchienne;secretcabh@hotmail.com
Collectif contraception de charleroi;Santé;Avenue des Alliés 26;6000;Charleroi;collectif.contraception.charleroi@skynet.be
Collectif de santé charleroi nord;Santé;Rue Dourlet 94;6000;Charleroi;chnord@skynet.be
Comité de la providence;Affaires sociales;Rue Blasse 13;6030;Marchienne-au-Pont;
Comité de liaison des associations patriotiques de charleroi;Culture;Rue Cornélis Debruyn 14/1;6042;Lodelinsart;fa294899@skynet.be
Comité de quartier de heigne;Affaires sociales;Rue de la Libération 5;6040;Jumet;mpa-nermin
Comité quartier centre marcinelle (qcm);Affaires sociales;Rue du Basson 79;6001;Marcinelle;georgecanille.sossois@compagnet.be
Compagnie comédia 77;Culture;Rue de la Vallée 21;6120;Nalinnes;info@comedia-77.be
Confrérie du coteau du maillon;Confrérie;Rue de la Poudrière 30;6060;Gilly;maillon.gilly@brutele.be
Cothan;Santé / Enfance;Rue de la Madeleine 21;6041;Gosselies;infos@cothan.org
Crazy alliance;Culture;Avenue de l'Europe 74;6000;Charleroi;spiro.dh@scarlet.be
Créad'âmes;Culture;Rue Martinsen 72;6030;Marchienne-au-Pont;fatianna@yahoo.fr
Csc (csc);Syndicat;Rue Pruniau 5;6000;Charleroi;prodriguez@acv-csc.be
D'un sens à l'autre;Affaires sociales;Rue du Moustier 58;6530;Thuin;evemariecoyette@hotmail.com
Editions tandem;Culture;Place d'Hymiée 42;6280;Gerpinnes;edition.tandem@skynet.be
El mojo des wallons, maison caroloregienne des traditions;Culture;Boulevard Roullier 1;6000;Charleroi;mw.charleroi@belgacom.net
Entente carolorégienne pour l'intégration de la personne handicapée;Handicap;Rue de l'Ancre 1A;6000;Charleroi;envol.saja.jumet@skynet.be
Entente wallonne des entreprises de travail adapté;Emploi / formation;Route de Philippeville 196;6010;Couillet;secretariat@eweta.be
Entre 2 wallonie;Affaires Sociales;Rue Desandrouin 13;6000;Charleroi;entre2wallonie@gmail.com
Fédération des compagnies de théâtre d'amateurs;Culture;Rue Bodrémont 19;5190;Jemeppe-sur-Sambre;fecota2@yahoo.fr
Fédération des centres de planning et de consultations;Famille;Chaussée de Haecht 579 BP 40;1030;Bruxelles;fcpc@tiscalinet.be
Fédération islamique de belgique section de charleroi;Culte;Boulevard Jacques Bertrand 77-79;6000;Charleroi;aiydinhn@gmail.com
Fédération nationale des patros;Jeunesse;Rue de l'Hôpital 17;6060;Gilly;secretariat@patro.be
Folklore et traditions de charleroi;Culture;Rue de la Chapelle 66;6030;Marchienne-au-Pont;christian.meysman@icloud.com
Groupe de rencontres et d'actions inter-religieuses;Culte;Avenue Général Michel 1B;6000;Charleroi;grair.charleroi@scarlet.be
Groupe d'information pour le renforcement du bien-être;immigration / Intégration;Avenue de l'Europe 1/001;6030;Marchienne-au-pont;girbasbl2002@gmail.com
Hoz-a;Sport / Loisirs;Avenue de l'Europe 50;6000;Charleroi;hoz-a@live.fr
Iles de vie;Nature / environnement;Rue Coleau 3;6061;Montignies-sur-Sambre;dd.david.dumont@skynet.be
Institut européen interuniversitaire de l'action sociale (ieias);Enseignement / Formation;Rue du Débarcadère 179;6001;Marcinelle;ieiasmayence@hotmail.com
Institut médico-pédagogique du hainaut;Enseignement;Rue du Débarcadère 100;6001;Marcinelle;dominique.dario@hainaut.be
Institut saint-andré;Enseignement;Rue du Parc  6;6000;Charleroi;isa.charleroi@sec.cfwb.be
J’arrive;Jeunesse;Rue de la Villette 84;6001;Marcinelle;asbljarrive@skynet.be
Jecreemonjob.be;Emploi / formation;Avenue des Alliés 24;6000;Charleroi;contact@jecreemonjob.be
J'y danse;Sport / Loisirs;Rue Hanoteau 23;6060;Gilly;info@jydanse.be
Animation culture jeunesse maison de jeunes de Charleroi et environs - La broc;Jeunesse;Avenue des Alliés 2;6000;Charleroi;pc03@swing.be
La compagnie des loufs;Culture;rue Paul Janson 48;6001;Marcinelle;compagniedesloufsasbl@gmail.com
La faim du mois;Affaires sociales;Place de la Digue 29;6000;Charleroi;imaneh@yahoo.com
La grange aux potiers;Culture / tourisme;Rue Emile Hermant 20;6200;Bouffioulx;info@arterre.be
La grosse valise;Culture;Place Wilson 138;6200;Chatelineau;lagrossevalise@mac.com
La maison du jazz en hainaut;Culture;Avenue Marie-José 56;7130;Binche;info@jazzhainaut.be
La pairotte;Culture / Tourisme;Avenue Houtard 61;6031;Monceau-sur-Sambre;jcbdx@skynet.be
La rochelle;Affaires sociales;Rue des écoles 2;6044;Roux;asbllarochelle@gmail.com
La ruche théâtre;Culture;Avenue Meurée 1;6001;Marcinelle;info@laruchetheatre.be
Le monde des 6e sens;Formation;Rue  Neuve 25;6141;Forchies-la-Marche;desprezfrance@hotmail.com
Le monde des etoiles;Culture;Rue Victor Lucq 67;6040;Jumet;lme.asbl@gmail.com
Le pachy du try;Nature/environnement;Rue Pachy du Try 25/1;6032;Mont-sur-Marchienne;thirimongero@gmail.com
Le progrès;Education / Formation;Rue Jules Destrée 11;6020;Dampremy;leprogres@commu.be
L'elan nivellois;Sport;rue d'azemont 35;1401;Baulers;elannivellois@hotmail.com
Lernafrica;Affaires sociales;Place Degauque 2;6142;Leernes;anny.szymutko@genappe.be
Les abeilles;Jeunesse;rue Saint Roch 22;6041;Gosselies;asbllesabeilles@hotmail.be
Les amis du p'tit bois;Nature / Environnement;Rue Saint Jacques 105;6032;Mont-sur-Marchienne;valandreve@gmail.com
Les amis du roton;Tourisme;Rue Bayemont 1;6000;Charleroi;charleroi.ecole9@brutele.be
Les ateliers de l'escargot;Culture;Rue des Lattes 4;5630;Daussois;ateliers.escargot@yahoo.fr
Les equipes populaires charleroi-thuin;Affaires sociales;Boulevard Tirou 167;6000;Charleroi;goffinet@equipespopulaires.be
Les jardins suspendus de thuin;Culture / Tourisme;Rue d'Anderlues 4;6530;Thuin;domithi@hotmail.com
Les mouvements de jeunesse de charleroi;Jeunesse;Rue du Moulin  178;6061;Montignies-sur-Sambre;contact@mdjcharleroi.be
Les rotonelles;Enseignement;Rue Nouvelle 1;6000;Charleroi;charleroi.ecole10@gmail.com
mouvement artistique d'improvisation régional;Culture;La Violette;6000;Charleroi;infos@theatre-impro.be
Maison croix-rouge du ravel;Affaires sociales;Rue Albert Camus 18;6031;Monceau-sur-Sambre;robertnicole48@gmail.com
Maison d'accueil l'ilot;Affaires sociales;Chaussée de Gilly 66;6040;Jumet;info@ilot.be
Maison du tourisme du pays de charleroi;Tourisme;Place Charles II 20;6000;Charleroi;anita.genicot@charleroi.be
Marche du souvenir 1815;Culture / Tourisme;Rue Jules Destrée 153;6040;Jumet;jcvermi@hotmail.com
Mosquée arrahma - association de foi et pratique de la religion islamique;Culte;Rue de Châtelet 52;6030;Marchienne-au-Pont;alikafor@hotmail.com
Musée de la photographie -  centre d'art contemporain de la communaute francaise;Culture;Avenue Paul Pastur 11;6032;Mont-sur-Marchienne;mpc.info@museephoto.be
Nos yeux dans la lumière;Handicap;Rue des Carrières 12 A;6010;Couillet;pineribetty@live.be
Mycose Galerie (ex OrdinoAdo);Culture;Avenue des alliés 4;6000;Charleroi;renaud@evolutech.eu
Parc des sports;Sport / Loisirs;Rue des Olympiades 2;6000;Charleroi;patricia.moiny@brutele.be
Petanque marcinelloise;Loisirs;Avenue Eugène Mascaux 879;6001;Marcinelle;
Plate -forme charleroi - palestine;Immigration /Intégration;Rue des Combattants 65;6020;Dampremy;charleroi.palestine@gmail.com
Promotion services;Affaires Sociales;Rue Julien Durant 58;6031;Monceau-sur-Sambre;asbl.promotion.services@gmail.com
Quartier  sart-allet;Affaires Sociales;Rue de Soleilmont 38;6060;Gilly;president.comite@laposte.net
Royal entente sportive roux;Sport / Loisirs;Rue Jules Boulvin 21;6044;Roux;resroux-baume@hotmail.com
Radio italia charleroi;Culture;Rue de Châtelet 293;6030;Marchienne-au-Pont;sanremo@radioitalia.be
J600 radio du folklore jumetois et de l'animation de ses quartiers;Culture;Rue Houtart 14/b;6040;Jumet;
Rescapes du genocide des tutsi vivant en hainaut et les familles des dix casques bleus belges et leurs sympathisants;Justice et droit;Rue Monin 41;6061;Montignies-sur-Sambre;a.autome@gmail.com
Rezippons la terre;Economie circulaire;Place du Perron 23;6200;Châtelet;elisabethstas@skynet.be
Service insertion intégration, missions actions;Formation;Rue Léopold 19/2;6000;Charleroi;sima.formation@belgacom.net
Shotokan karaté do marchienne;Sport;Place Albert 1er 1;6030;Marchienne-au-Pont;nathalie_wery@yahoo.fr
Smilesport;Sport / Loisirs;Rue Jean Bellière 9;6001;Marcinelle;martine_aquaturquoise@yahoo.fr
Solidarité montagnarde;Affaires sociales;Place Albert 1er 55;6061;Montignies-sur-Sambre;ph_somme@skynet.be
Technofutur tic - technologies de l'information;Formation;Avenue Jean Mermoz - Aéropole 18;6041;Gosselies;info@technofuturtic.be
Television, education, animation, culture;Culture;Place de la digue 8;6000;Charleroi;telesambre@telesambre.be
Toudi boudjî;Affaires sociales;Rue Léopold 36 d;6000;Charleroi;toudiboudji@gmail.com
Trempoline;Santé;Grand Rue 3;6200;Châtelet;info@trempoline.be
Unicef belgique;Enfance / Jeunesse;Boulevard de l'Impératrice 66;1000;Bruxelles;info@unicef.be
Universite ouverte de la federation wallonie-Bruxelles;Education / Formation;Boulevard Solvay 31;6000;Charleroi;info@uo-fwb.be
Vers la vie;Handicap;Rue de la Bruyère 157;6001;Marcinelle;nadine.adant@hainaut.be
Vie libre;Affaires sociales;Rue Clémenceau 35c;6044;Roux;lucadamaavl@yahoo.fr
Vita plus;Santé;Rue de la Neuville 2;6000;Charleroi;info@vitaplus.be
Volontariat social;Santé;rue Charles Dupret 1;6000;Charleroi;jerrybossa@gmail.com
